<?xml version="1.0" encoding="UTF-8" ?>
<!DOCTYPE mapper PUBLIC "-//mybatis.org//DTD Mapper 3.0//EN" "http://mybatis.org/dtd/mybatis-3-mapper.dtd" >
<mapper namespace="com.bc.game.award.dao.TraditionAwardMapper">

	<resultMap id="BaseResultMap" type="com.bc.game.award.domain.TraditionAward">
		<id column="id" property="id" jdbcType="INTEGER" />
		<result column="issue_no" property="issueNo" jdbcType="VARCHAR" />
		<result column="status" property="status" jdbcType="INTEGER" />
		<result column="lottery_type" property="lotteryType" jdbcType="VARCHAR" />
		<result column="award_num" property="awardNum" jdbcType="VARCHAR" />
		<result column="prize_detail" property="prizeDetail" jdbcType="VARCHAR" />
		<result column="lost" property="lost" jdbcType="VARCHAR" />
		<result column="create_time" property="createTime" jdbcType="TIMESTAMP" />
		<result column="update_time" property="updateTime" jdbcType="TIMESTAMP" />
	</resultMap>

	<insert id="insert" parameterType="com.bc.game.award.domain.TraditionAward">
		insert into tradition_award
		(id, issue_no, status, lottery_type, award_num, prize_detail, lost,
		create_time, update_time)
		values (#{id}, #{issueNo}, #{status},
		#{lotteryType}, #{awardNum}, #{prizeDetail}, #{lost}, #{createTime},
		#{updateTime})
	</insert>

	<select id="selectByPk" resultMap="BaseResultMap" parameterType="java.util.Map">
		select * from tradition_award where id = #{pk}
	</select>
	<select id="selectByExample" resultMap="BaseResultMap"
		parameterType="com.bc.game.award.domain.TraditionAward">
		select * from tradition_award
		<trim prefix="WHERE" prefixOverrides="AND|OR">
			<if test="id!=null and id!=''">
				and id = #{id}
			</if>
			<if test="issueNo!=null and issueNo!=''">
				and issue_no = #{issueNo}
			</if>
			<if test="status!=null and status!=''">
				and status = #{status}
			</if>
			<if test="lotteryType!=null and lotteryType!=''">
				and lottery_type = #{lotteryType}
			</if>
			<if test="awardNum!=null and awardNum!=''">
				and award_num = #{awardNum}
			</if>
			<if test="prizeDetail!=null and prizeDetail!=''">
				and prize_detail = #{prizeDetail}
			</if>
			<if test="lost!=null and lost!=''">
				and lost = #{lost}
			</if>
			<if test="createTime!=null and createTime!=''">
				and create_time = #{createTime}
			</if>
			<if test="updateTime!=null and updateTime!=''">
				and update_time = #{updateTime}
			</if>
		</trim>
		<if test="orderBy != null and orderBy !=''">
			order by ${orderBy}
		</if>
		<if test="startRecord != -1">
			limit #{startRecord}, #{pageSize}
		</if>
	</select>
	<select id="countByExample" parameterType="com.bc.game.award.domain.TraditionAward"
		resultType="java.lang.Integer">
		select count(*) from tradition_award
		<trim prefix="WHERE" prefixOverrides="AND|OR">
			<if test="id!=null and id!=''">
				and id = #{id}
			</if>
			<if test="issueNo!=null and issueNo!=''">
				and issue_no = #{issueNo}
			</if>
			<if test="status!=null and status!=''">
				and status = #{status}
			</if>
			<if test="lotteryType!=null and lotteryType!=''">
				and lottery_type = #{lotteryType}
			</if>
			<if test="awardNum!=null and awardNum!=''">
				and award_num = #{awardNum}
			</if>
			<if test="prizeDetail!=null and prizeDetail!=''">
				and prize_detail = #{prizeDetail}
			</if>
			<if test="lost!=null and lost!=''">
				and lost = #{lost}
			</if>
			<if test="createTime!=null and createTime!=''">
				and create_time = #{createTime}
			</if>
			<if test="updateTime!=null and updateTime!=''">
				and update_time = #{updateTime}
			</if>
		</trim>
	</select>

	<update id="updateByExample" parameterType="map">
		update tradition_award
		<set>
			<if test="record.id!=null and record.id!=''">
				id = #{record.id},
			</if>
			<if test="record.issueNo!=null and record.issueNo!=''">
				issue_no = #{record.issueNo},
			</if>
			<if test="record.status!=null and record.status!=''">
				status = #{record.status},
			</if>
			<if test="record.lotteryType!=null and record.lotteryType!=''">
				lottery_type = #{record.lotteryType},
			</if>
			<if test="record.awardNum!=null and record.awardNum!=''">
				award_num = #{record.awardNum},
			</if>
			<if test="record.prizeDetail!=null and record.prizeDetail!=''">
				prize_detail = #{record.prizeDetail},
			</if>
			<if test="record.lost!=null and record.lost!=''">
				lost = #{record.lost},
			</if>
			<if test="record.createTime!=null and record.createTime!=''">
				create_time = #{record.createTime},
			</if>
			<if test="record.updateTime!=null and record.updateTime!=''">
				update_time = #{record.updateTime},
			</if>
		</set>
		<trim prefix="WHERE" prefixOverrides="AND|OR">
			<if test="example.id!=null and example.id!=''">
				and id = #{example.id}
			</if>

			<if test="example.issueNo!=null and example.issueNo!=''">
				and issue_no = #{example.issueNo}
			</if>

			<if test="example.status!=null and example.status!=''">
				and status = #{example.status}
			</if>

			<if test="example.lotteryType!=null and example.lotteryType!=''">
				and lottery_type = #{example.lotteryType}
			</if>

			<if test="example.awardNum!=null and example.awardNum!=''">
				and award_num = #{example.awardNum}
			</if>

			<if test="example.prizeDetail!=null and example.prizeDetail!=''">
				and prize_detail = #{example.prizeDetail}
			</if>

			<if test="example.lost!=null and example.lost!=''">
				and lost = #{example.lost}
			</if>



		</trim>
	</update>

	<update id="updateByPk" parameterType="com.bc.game.award.domain.TraditionAward">
		update tradition_award
		<set>
			<if test="id!=null and id!=''">
				id = #{id},
			</if>
			<if test="issueNo!=null and issueNo!=''">
				issue_no = #{issueNo},
			</if>
			<if test="status!=null and status!=''">
				status = #{status},
			</if>
			<if test="lotteryType!=null and lotteryType!=''">
				lottery_type = #{lotteryType},
			</if>
			<if test="awardNum!=null and awardNum!=''">
				award_num = #{awardNum},
			</if>
			<if test="prizeDetail!=null and prizeDetail!=''">
				prize_detail = #{prizeDetail},
			</if>
			<if test="lost!=null and lost!=''">
				lost = #{lost},
			</if>
			<if test="createTime!=null and createTime!=''">
				create_time = #{createTime},
			</if>
			<if test="updateTime!=null and updateTime!=''">
				update_time = #{updateTime},
			</if>
		</set>
		where id = #{id};
	</update>
	<delete id="deleteByPk" parameterType="map">
		delete from tradition_award where id = #{pk}
	</delete>
</mapper>
