<?xml version="1.0" encoding="UTF-8"?>
<beans xmlns="http://www.springframework.org/schema/beans"
	xmlns:xsi="http://www.w3.org/2001/XMLSchema-instance" xmlns:aop="http://www.springframework.org/schema/aop"
	xmlns:tx="http://www.springframework.org/schema/tx" xmlns:task="http://www.springframework.org/schema/task"
	xmlns:context="http://www.springframework.org/schema/context"
	xmlns:dubbo="http://code.alibabatech.com/schema/dubbo"
	xsi:schemaLocation="http://www.springframework.org/schema/beans
	http://www.springframework.org/schema/beans/spring-beans.xsd
	http://www.springframework.org/schema/context
	http://www.springframework.org/schema/context/spring-context.xsd
	http://www.springframework.org/schema/tx
	http://www.springframework.org/schema/tx/spring-tx.xsd
	http://www.springframework.org/schema/aop
	http://www.springframework.org/schema/aop/spring-aop.xsd
	http://www.springframework.org/schema/task
	http://www.springframework.org/schema/task/spring-task.xsd
	http://code.alibabatech.com/schema/dubbo http://code.alibabatech.com/schema/dubbo/dubbo.xsd">
    <!-- 引入文件 -->
    <context:property-placeholder location="classpath:conf/*.properties" />  
    <context:component-scan base-package="com.bc"/>
     
	
	<!-- 数据源 -->
	<bean id="dataSource" class="com.alibaba.druid.pool.DruidDataSource"
		init-method="init" destroy-method="close">
		<!-- 基本属性 url、user、password -->
		<property name="url" value="jdbc:mysql://cd-cdb-7cb7r7d2.sql.tencentcdb.com:63812/cp_buss?characterEncoding=UTF-8&amp;zeroDateTimeBehavior=convertToNull" />
		<property name="username" value="root" />
		<property name="password" value="FGq2PNXG5qJr6AdgX6naidjMG2qUX9l3vtmWmUj5yDnIDV+tDwwG278zUw7E1dYQvIku8fgPcmjFHovQI8KiEA==" />
		<!-- 配置初始化大小、最小、最大 -->
		<property name="initialSize" value="10" />
		<property name="minIdle" value="5" />
		<property name="maxActive" value="200" />
		<!-- 配置获取连接等待超时的时间 -->
		<property name="maxWait" value="60000" />
		<!-- 配置间隔多久才进行一次检测，检测需要关闭的空闲连接，单位是毫秒 -->
		<property name="timeBetweenEvictionRunsMillis" value="60000" />
		<!-- 配置一个连接在池中最小生存的时间，单位是毫秒 -->
		<property name="minEvictableIdleTimeMillis" value="300000" />
		<property name="validationQuery" value="SELECT 'x'" />
		<property name="testWhileIdle" value="true" />
		<property name="testOnBorrow" value="true" />
		<property name="testOnReturn" value="false" />
		<property name="defaultAutoCommit" value="false" />
		<!-- 打开PSCache，并且指定每个连接上PSCache的大小 -->
		<property name="poolPreparedStatements" value="false" />
		<!-- <property name="maxPoolPreparedStatementPerConnectionSize"
			value="20" /> -->
		<!-- 配置监控统计拦截的filters -->
		<property name="filters" value="config,stat" />
        <property name="connectionProperties" value="config.decrypt=true" />
	</bean>
	<!-- mybatis -->
	<bean id="sqlSessionFactory" class="com.bc.database.SqlSessionFactoryBean">
		<property name="dataSource" ref="dataSource" />
		<property name="typeAliasesPackage" value="com.qbb.*.domain" />
	</bean>
	
	<bean class="org.mybatis.spring.mapper.MapperScannerConfigurer">
		<property name="basePackage" value="com.qbb.*.dao" />
	</bean>
	

	<bean id="transactionManager" class="org.springframework.jdbc.datasource.DataSourceTransactionManager">
		<property name="dataSource" ref="dataSource" />
	</bean>
</beans>