<?xml version="1.0" encoding="UTF-8"?>
<communication>

    <packet actina="userLogin" beanName="userLogin" xmlPath="/businessInterface/user.xml" desc="用户登录系统" serviceCode=""></packet>

    <packet actina="userRegister" beanName="userRegister" xmlPath="/businessInterface/user.xml" desc="用户注册" serviceCode=""></packet>

    <packet actina="getUserInfo" beanName="commonQueryProtocol" xmlPath="/businessInterface/user.xml" desc="获取用户账户信息" serviceCode="getUserInfo"></packet>

    <packet actina="k3Filter" beanName="k3Filter" xmlPath="/businessInterface/award.xml" desc="快三过滤" serviceCode=""></packet>
    
    <packet actina="calculateAward" beanName="calculateAward" xmlPath="/businessInterface/award.xml" desc="快三算奖" serviceCode=""></packet>

    <packet actina="createFilterScheme" beanName="createFilterScheme" xmlPath="/businessInterface/order.xml" desc="创建过滤方案" serviceCode=""></packet>

	<packet actina="getMyScheme" beanName="commonQueryProtocol" xmlPath="/businessInterface/order.xml" desc="查询我的方案" serviceCode="getMyScheme"></packet>

    <packet actina="modifyUserLoginPassword" beanName="modifyUserLoginPassword" xmlPath="/businessInterface/user.xml" desc="修改用户密码" serviceCode=""></packet>
    <!-- Begin 获取快三开奖相关数据 -->
    <packet actina="getGanSuK3Data" beanName="commonQueryProtocol" xmlPath="/businessInterface/award.xml" desc="获取甘肃快3-走势图数据" serviceCode="getGanSuK3Data"></packet>

    <packet actina="getK3LostByType" beanName="commonQueryProtocol" xmlPath="/businessInterface/award.xml" desc="获取甘肃快3-遗漏数据" serviceCode="getK3LostByType"></packet>

    <packet actina="getBasicPlotData" beanName="commonQueryProtocol" xmlPath="/businessInterface/award.xml" desc="获取甘肃快3-基本走势图数据" serviceCode="getBasicPlotData"></packet>

    <packet actina="getCompositeChartData" beanName="commonQueryProtocol" xmlPath="/businessInterface/award.xml" desc="获取甘肃快3-基本走势图数据" serviceCode="getCompositeChartData"></packet>

    <packet actina="getM3PlotData" beanName="commonQueryProtocol" xmlPath="/businessInterface/award.xml" desc="获取甘肃快3-012走势图数据" serviceCode="getM3PlotData"></packet>

    <packet actina="getPatternsChartData" beanName="commonQueryProtocol" xmlPath="/businessInterface/award.xml" desc="获取甘肃快3-形态走势图数据" serviceCode="getPatternsChartData"></packet>
    <!-- End 获取快三开奖相关数据 -->

 	<packet actina="getCurrentIssue" beanName="commonQueryProtocol" xmlPath="/businessInterface/award.xml" desc="获取当前期信息" serviceCode="getCurrentIssue"></packet>

</communication>