<?xml version="1.0" encoding="UTF-8"?>
<communication>
    <!--默认字段 <Field name="termno" title="终端号" type="String" input="O" length="32"
        default="" /> <Field name="channel" title="渠道" type="String" input="O" length="10"
        default="" /> <Field name="app_version" title="版本号" type="String" input="O"
        length="20" default="" /> -->
    <!-- 如Field带有multi属性，则标识此处为多条记录，则叶子节点必须带有<Record></Record>用以标识多行记录的格式
        且name属性的值，必须与当前交易请求参数Map中多条记录存放的Key值一致 usernull:用户需进行登录操作才能调用的接口 校验为空校验 不为空
        false 可为空 true -->
    <!--默认返回字段 -->
    <!-- <Erorcd>erorcd</Erorcd> <Errmsg>errmsg</Errmsg> -->

    <packet actina="k3Filter" desc="快三过滤">
        <!-- 请求报文主体的格式 -->
        <Request>
            <Field name="dan" title="胆码，逗号分隔" type="String" input="O" length="20" default=""/>
            <Field name="tuo" title="托码，逗号分隔" type="String" input="O" length="100" default=""/>
            <Field name="otherFilter"
                   title="其他过滤条件  json 格式数据 :[{filterName: 两偶一奇,两奇一偶, filterType: 3},{filterName: 15, filterType: 1}]
            filterType说明：0 类型、1 和值 、2跨度、3 奇偶、4 012路、5 大中小"
                   type="String" input="O" length="1000" default=""/>
            <Field name="deviceNo" title="设备号" type="String" input="O" length="100" default=""/>
            <Field name="app_version" title="版本号" type="String" input="O" length="20" default=""/>
            <Field name="channel" title="来源" type="String" input="O" length="20" default=""/>
        </Request>
        <Response>
            <Field name="record1">
                <Field name="filterName" title="可选择过滤名称" type="String" default=""/>
                <Field name="filterType" title="可选择过滤类型  0 类型、1 和值 、2跨度、3 奇偶、4 012路、5 大中小" type="String" default=""/>
            </Field>
            <Field name="record2">
                <Field name="awardNum" title="过滤后剩余号码" type="String" default=""/>
                <Field name="manner" title="投注方式" type="String" default=""/>
            </Field>
        </Response>
        <!-- 交易错误码标识 成功默认为000000 -->
        <Erorcd>erorcd</Erorcd>
        <!-- 交易错误信息标识 成功表示 -->
        <Errmsg>errmsg</Errmsg>
    </packet>
    <packet actina="calculateAward" desc="算奖">
        <!-- 请求报文主体的格式 -->
        <Request>
            <Field name="issueNo" title="期号"  type="String" input="M" length="50" default=""/>
            <Field name="lotteryType" title="彩种"  type="String" input="M" length="10" default=""/>
        </Request>
        <Response>
        </Response>
        <!-- 交易错误码标识 成功默认为000000 -->
        <Erorcd>erorcd</Erorcd>
        <!-- 交易错误信息标识 成功表示 -->
        <Errmsg>errmsg</Errmsg>
    </packet>


    <packet actina="getGanSuK3Data" desc="甘肃快三开奖数据">
        <!-- 请求报文主体的格式 -->
        <Request>
            <Field name="app_version" title="版本号" type="String" input="O" length="20" default=""/>
            <Field name="pageNo" title="页数" type="String" input="M" length="10" default=""/>
            <Field name="pageSize" title="条数" type="String" input="M" length="10" default=""/>
            <Field name="channel" title="来源" type="String" input="O" length="20" default=""/>
        </Request>
        <Response>
            <Field name="record1">
                <Field name="issue_no" title="期号" type="String" default=""/>
                <Field name="lottery_type" title="彩票类型" type="String" default=""/>
                <Field name="award_num" title="开奖号码" type="String" default=""/>
                <Field name="award_sum" title="和值" type="String" default=""/>
                <Field name="award_span" title="跨度值" type="String" default=""/>
            </Field>
        </Response>
        <!-- 交易错误码标识 成功默认为000000 -->
        <Erorcd>erorcd</Erorcd>
        <!-- 交易错误信息标识 成功表示 -->
        <Errmsg>errmsg</Errmsg>
    </packet>

    <packet actina="getK3LostByType" desc="甘肃快三遗漏数据">
        <!-- 请求报文主体的格式 -->
        <Request>
            <Field name="app_version" title="版本号" type="String" input="O" length="20" default=""/>
            <Field name="pageNo" title="页数" type="String" input="M" length="10" default=""/>
            <Field name="pageSize" title="条数" type="String" input="M" length="10" default=""/>
            <Field name="channel" title="来源" type="String" input="O" length="20" default=""/>
            <Field name="countType" title="计算期数类型 0 所有数据  10 近10期  20 近20期  50 100 200 500 " type="String" input="M" length="20" default=""/>
            <Field name="lostType" title="遗漏类型 0 和值 1和尾 2跨度  3和值012路 4和尾012路 5跨度012路 6一码 7三同号 8两同号 9 两码 10 背靠背  " type="String" input="M" length="20" default=""/>
        </Request>
        <Response>
            <Field name="record1">
                <Field name="num" title="值" type="String" default=""/>
                <Field name="now_lost" title="当前遗漏" type="String" default=""/>
                <Field name="last_lost" title="上次遗漏" type="String" default=""/>
                <Field name="max_lost" title="最大遗漏" type="String" default=""/>
                <Field name="avg_lost" title="平均遗漏" type="String" default=""/>
                <Field name="show_odds" title="欲出几率" type="String" default=""/>
            </Field>
        </Response>
        <!-- 交易错误码标识 成功默认为000000 -->
        <Erorcd>erorcd</Erorcd>
        <!-- 交易错误信息标识 成功表示 -->
        <Errmsg>errmsg</Errmsg>
    </packet>


    <packet actina="getBasicPlotData" desc="甘肃快三基本走势图">
        <!-- 请求报文主体的格式 -->
        <Request>
            <Field name="app_version" title="版本号" type="String" input="O" length="20" default=""/>
            <Field name="pageNo" title="页数" type="String" input="M" length="10" default=""/>
            <Field name="pageSize" title="条数" type="String" input="M" length="10" default=""/>
            <Field name="channel" title="来源" type="String" input="O" length="20" default=""/>
        </Request>
        <Response>
            <Field name="record1">
                <Field name="issue_no" title="期号" type="String" default=""/>
                <Field name="award_num" title="开奖号码" type="String" default=""/>
                <Field name="sum_value" title="和值" type="String" default=""/>
                <Field name="span_value" title="跨度值" type="String" default=""/>
            </Field>
            <Field name="record2">
                <Field name="lost_type" title="遗漏类型 0和值 1和尾 2 跨度值 6 一码" type="String" default=""/>
                <Field name="lost_num" title="值" type="String" default=""/>
                <Field name="lost_value" title="遗漏值" type="String" default=""/>
            </Field>
            <Field name="record3">
                <Field name="lost_type" title="遗漏类型 0和值 1和尾 2 跨度值 6 一码" type="String" default=""/>
                <Field name="show_type" title="冷热类型：0冷 1热" type="String" default=""/>
                <Field name="num" title="值" type="String" default=""/>
            </Field>
        </Response>
        <!-- 交易错误码标识 成功默认为000000 -->
        <Erorcd>erorcd</Erorcd>
        <!-- 交易错误信息标识 成功表示 -->
        <Errmsg>errmsg</Errmsg>
    </packet>


    <packet actina="getCompositeChartData" desc="甘肃快三-获取综合走势图数据">
        <!-- 请求报文主体的格式 -->
        <Request>
            <Field name="app_version" title="版本号" type="String" input="O" length="20" default=""/>
            <Field name="pageNo" title="页数" type="String" input="M" length="10" default=""/>
            <Field name="pageSize" title="条数" type="String" input="M" length="10" default=""/>
            <Field name="channel" title="来源" type="String" input="O" length="20" default=""/>
        </Request>
        <Response>
            <Field name="record1">
                <Field name="issue_no" title="期号" type="String" default=""/>
                <Field name="award_num" title="开奖号码" type="String" default=""/>
                <Field name="unit_value" title="个位" type="String" default=""/>
                <Field name="ten_value" title="十位" type="String" default=""/>
                <Field name="hundreds_value" title="百位" type="String" default=""/>
                <Field name="sum_value" title="和值" type="String" default=""/>
                <Field name="span_value" title="跨度" type="String" default=""/>
            </Field>
        </Response>
        <!-- 交易错误码标识 成功默认为000000 -->
        <Erorcd>erorcd</Erorcd>
        <!-- 交易错误信息标识 成功表示 -->
        <Errmsg>errmsg</Errmsg>
    </packet>

    <packet actina="getM3PlotData" desc="甘肃快三-012路走势图">
        <!-- 请求报文主体的格式 -->
        <Request>
            <Field name="app_version" title="版本号" type="String" input="O" length="20" default=""/>
            <Field name="pageNo" title="页数" type="String" input="M" length="10" default=""/>
            <Field name="pageSize" title="条数" type="String" input="M" length="10" default=""/>
            <Field name="channel" title="来源" type="String" input="O" length="20" default=""/>
        </Request>
        <Response>
            <Field name="record1">
                <Field name="issue_no" title="期号" type="String" default=""/>
                <Field name="award_num" title="开奖号码" type="String" default=""/>
                <Field name="sum_value" title="和值" type="String" default=""/>
                <Field name="sum_m3_value" title="和值012" type="String" default=""/>
                <Field name="span_value" title="跨度" type="String" default=""/>
                <Field name="span_m3_value" title="跨度012" type="String" default=""/>
                <Field name="sum_tail_m3_value" title="和尾" type="String" default=""/>
                <Field name="sum_tail_m3_value" title="和尾012" type="String" default=""/>
            </Field>
            <Field name="record2">
                <Field name="lost_type" title="遗漏类型 0和值 1和尾 2 跨度值 6 一码" type="String" default=""/>
                <Field name="lost_num" title="值" type="String" default=""/>
                <Field name="lost_value" title="遗漏值" type="String" default=""/>
            </Field>
            <Field name="record3">
                <Field name="lost_type" title="遗漏类型 0和值 1和尾 2 跨度值 6 一码" type="String" default=""/>
                <Field name="show_type" title="冷热类型：0冷 1热" type="String" default=""/>
                <Field name="num" title="值" type="String" default=""/>
            </Field>
        </Response>
        <!-- 交易错误码标识 成功默认为000000 -->
        <Erorcd>erorcd</Erorcd>
        <!-- 交易错误信息标识 成功表示 -->
        <Errmsg>errmsg</Errmsg>
    </packet>


    <packet actina="getPatternsChartData" desc="甘肃快三-形态走势图">
        <!-- 请求报文主体的格式 -->
        <Request>
            <Field name="app_version" title="版本号" type="String" input="O" length="20" default=""/>
            <Field name="pageNo" title="页数" type="String" input="M" length="10" default=""/>
            <Field name="pageSize" title="条数" type="String" input="M" length="10" default=""/>
            <Field name="channel" title="来源" type="String" input="O" length="20" default=""/>
        </Request>
        <Response>
            <Field name="record1">
                <Field name="issue_no" title="期号" type="String" default=""/>
                <Field name="award_num" title="开奖号码" type="String" default=""/>
                <Field name="span_value" title="跨度" type="String" default=""/>
                <Field name="sum_value" title="和值" type="String" default=""/>
                <Field name="sum_m3_value" title="和值012" type="String" default=""/>
                <Field name="sum_big_small" title="和值形态 大小" type="String" default=""/>
                <Field name="sum_single_double" title="和值形态 单双" type="String" default=""/>
                <Field name="num_form" title="号码形态" type="String" default=""/>
            </Field>
        </Response>
        <!-- 交易错误码标识 成功默认为000000 -->
        <Erorcd>erorcd</Erorcd>
        <!-- 交易错误信息标识 成功表示 -->
        <Errmsg>errmsg</Errmsg>
    </packet>

    <packet actina="getMissingStatisticsData" desc="甘肃快三-遗漏统计">
        <!-- 请求报文主体的格式 -->
        <Request>
            <Field name="app_version" title="版本号" type="String" input="O" length="20" default=""/>
            <Field name="pageNo" title="页数" type="String" input="M" length="10" default=""/>
            <Field name="pageSize" title="条数" type="String" input="M" length="10" default=""/>
            <Field name="channel" title="来源" type="String" input="O" length="20" default=""/>
        </Request>
        <Response>
            <Field name="record1"><!--未出号码统计-->
                <Field name="issue_no" title="期号" type="String" default=""/>
                <Field name="award_num" title="开奖号码" type="String" default=""/>
                <Field name="sum_value" title="和值" type="String" default=""/>
                <Field name="sum_m3_value" title="和值012" type="String" default=""/>
                <Field name="span_value" title="跨度" type="String" default=""/>
                <Field name="span_m3_value" title="跨度012" type="String" default=""/>
                <Field name="sum_tail_m3_value" title="和尾" type="String" default=""/>
                <Field name="sum_tail_m3_value" title="和尾012" type="String" default=""/>
            </Field>
            <Field name="record2"><!--三同号及二同号统计-->
                <Field name="lost_type" title="遗漏类型 0和值 1和尾 2 跨度值 6 一码" type="String" default=""/>
                <Field name="lost_num" title="值" type="String" default=""/>
                <Field name="lost_value" title="遗漏值" type="String" default=""/>
            </Field>
            <Field name="record3"><!--两码及背靠背统计-->
                <Field name="lost_type" title="遗漏类型 0和值 1和尾 2 跨度值 6 一码" type="String" default=""/>
                <Field name="show_type" title="冷热类型：0冷 1热" type="String" default=""/>
                <Field name="num" title="值" type="String" default=""/>
            </Field>
            <Field name="record3"><!--和值统计-->
                <Field name="lost_type" title="遗漏类型 0和值 1和尾 2 跨度值 6 一码" type="String" default=""/>
                <Field name="show_type" title="冷热类型：0冷 1热" type="String" default=""/>
                <Field name="num" title="值" type="String" default=""/>
            </Field>
        </Response>
        <!-- 交易错误码标识 成功默认为000000 -->
        <Erorcd>erorcd</Erorcd>
        <!-- 交易错误信息标识 成功表示 -->
        <Errmsg>errmsg</Errmsg>
    </packet>
    <packet actina="getCurrentIssue" desc="获取当前期信息">
        <!-- 请求报文主体的格式 -->
        <Request>
            <Field name="lotteryType" title="彩种" type="String" input="M" length="20" default=""/>
        </Request>
        <Response>
            <Field name="record1"><!-- 开奖信息 -->
            </Field>
            <Field name="record2"><!-- 期号信息 -->
            </Field>
        </Response>
        <!-- 交易错误码标识 成功默认为000000 -->
        <Erorcd>erorcd</Erorcd>
        <!-- 交易错误信息标识 成功表示 -->
        <Errmsg>errmsg</Errmsg>
    </packet>


</communication>