<?xml version="1.0" encoding="UTF-8"?>
<communication>
    <!--默认字段 <Field name="termno" title="终端号" type="String" input="O" length="32"
        default="" /> <Field name="channel" title="渠道" type="String" input="O" length="10"
        default="" /> <Field name="app_version" title="版本号" type="String" input="O"
        length="20" default="" /> -->
    <!-- 如Field带有multi属性，则标识此处为多条记录，则叶子节点必须带有<Record></Record>用以标识多行记录的格式
        且name属性的值，必须与当前交易请求参数Map中多条记录存放的Key值一致 usernull:用户需进行登录操作才能调用的接口 校验为空校验 不为空
        false 可为空 true -->
    <!--默认返回字段 -->
    <!-- <Erorcd>erorcd</Erorcd> <Errmsg>errmsg</Errmsg> -->

    <packet actina="createFilterScheme" desc="创建过滤方案">
        <!-- 请求报文主体的格式 -->
        <Request>
            <Field name="userId" title="用户Id" type="String" input="O" length="50" default=""/>
             <!-- 玩法 11:和值 12:三同号通选 13:三同号单选 14:二同号复选 15:二同号单选 16：三不同号 17：二不同号 18：三连号通选 -->
             <!-- 投注号码格式  二同号单选 11/22/33$4/6 二同号 复选 1/1,2/2  三不同号 1/2/3,1/5/6-->
            <Field name="schemeDetail" title="方案详情以#分隔列，以@分隔行 玩法#号码#注数@玩法#号码#注数 如：11#04,05#1@13#1/1/1,2/2/2#1"  type="String" input="O" length="1000" default=""/>
           
            <Field name="issueNo" title="期号"  type="String" input="M" length="50" default=""/>
            <Field name="lotteryType" title="彩种"  type="String" input="M" length="10" default=""/>
            <Field name="investMoney" title="投注金额"  type="String" input="M" length="10" default=""/>
            <Field name="multiple" title="倍数"  type="String" input="M" length="10" default=""/>
            <Field name="continuousCount" title="追号期数"  type="String" input="O" length="10" default=""/>
        </Request>
        <Response>
        </Response>
        <!-- 交易错误码标识 成功默认为000000 -->
        <Erorcd>erorcd</Erorcd>
        <!-- 交易错误信息标识 成功表示 -->
        <Errmsg>errmsg</Errmsg>
    </packet>
    <packet actina="getMyScheme" desc="查询我的方案">
        <!-- 请求报文主体的格式 -->
        <Request>
            <Field name="userId" title="用户Id" type="String" input="M" length="50" default=""/>
        </Request>
        <Response>
        </Response>
        <!-- 交易错误码标识 成功默认为000000 -->
        <Erorcd>erorcd</Erorcd>
        <!-- 交易错误信息标识 成功表示 -->
        <Errmsg>errmsg</Errmsg>
    </packet>
</communication>