<?xml version="1.0" encoding="UTF-8"?>
<configuration>
    <appender name="console" class="ch.qos.logback.core.ConsoleAppender">
        <encoder>
            <pattern>%d{HH:mm:ss.SSS} [%thread] %-5level %logger{36} - %msg%n</pattern>
        </encoder>
    </appender>
 
    <appender name="rollingFile" class="ch.qos.logback.core.rolling.RollingFileAppender">
        <file>logs/qbb-data.log</file>
        <rollingPolicy class="ch.qos.logback.core.rolling.TimeBasedRollingPolicy">
            <fileNamePattern>logs/qbb-data.%d{yyyy-MM-dd}.log</fileNamePattern>
        </rollingPolicy>
        <encoder>
            <pattern>%d{HH:mm:ss.SSS} [%thread] %-5level %logger{36} - %msg%n</pattern>
        </encoder>
    </appender>
 
    <!-- project default level -->  
       <logger name="com.qbb" level="debug" />
    <logger name="java.sql.Connection" level="debug" />
    <logger name="java.sql.Statement" level="debug" />
    <logger name="java.sql.PreparedStatement" level="debug" />
    <logger name="java.sql.ResultSet" level="debug" />
    <root level="info">
        <appender-ref ref="console" />
        <appender-ref ref="rollingFile" />
    </root>
</configuration>