<?xml version="1.0" encoding="UTF-8" ?>
<!DOCTYPE mapper PUBLIC "-//mybatis.org//DTD Mapper 3.0//EN" "http://mybatis.org/dtd/mybatis-3-mapper.dtd" >
<mapper namespace="com.bc.order.tradition.dao.TraditionOrderMapper">

 <resultMap id="BaseResultMap" type="com.bc.order.tradition.domain.TraditionOrder" >
		<id column="id" property="id" jdbcType="BIGINT" />
		<result column="order_id" property="orderId" jdbcType="VARCHAR" />
		<result column="user_id" property="userId" jdbcType="VARCHAR" />
		<result column="invest_num" property="investNum" jdbcType="VARCHAR" />
		<result column="manner" property="manner" jdbcType="VARCHAR" />
		<result column="issue_no" property="issueNo" jdbcType="VARCHAR" />
		<result column="lottery_type" property="lotteryType" jdbcType="VARCHAR" />
		<result column="invest_count" property="investCount" jdbcType="TINYINT" />
		<result column="invest_money" property="investMoney" jdbcType="DECIMAL" />
		<result column="multiple" property="multiple" jdbcType="INTEGER" />
		<result column="invest_manner" property="investManner" jdbcType="INTEGER" />
		<result column="award_status" property="awardStatus" jdbcType="INTEGER" />
		<result column="award_detail" property="awardDetail" jdbcType="VARCHAR" />
		<result column="award_money" property="awardMoney" jdbcType="DECIMAL" />
		<result column="create_time" property="createTime" jdbcType="TIMESTAMP" />
		<result column="update_time" property="updateTime" jdbcType="TIMESTAMP" />
		<result column="scheme_id" property="schemeId" jdbcType="VARCHAR" />
 </resultMap>
	
	<insert id="insert" parameterType="com.bc.order.tradition.domain.TraditionOrder">
		insert into tradition_order ( order_id, user_id, invest_num, manner, issue_no, lottery_type, invest_count, invest_money, multiple, invest_manner, award_detail, award_money,  update_time, scheme_id)
		values ( #{orderId}, #{userId}, #{investNum}, #{manner}, #{issueNo}, #{lotteryType}, #{investCount}, #{investMoney}, #{multiple}, #{investManner},  #{awardDetail}, #{awardMoney}, #{updateTime}, #{schemeId})
	</insert>

  <select id="selectByPk" resultMap="BaseResultMap" parameterType="java.util.Map" >
    select  * from tradition_order where order_id = #{pk}
  </select>
  <select id="selectByExample" resultMap="BaseResultMap" parameterType="com.bc.order.tradition.domain.TraditionOrder" >
      select * from tradition_order 
    	<trim prefix="WHERE" prefixOverrides="AND|OR">
					<if test="id!=null and id!=''"> 
						and id = #{id}
					</if>
					<if test="orderId!=null and orderId!=''"> 
						and order_id = #{orderId}
					</if>
					<if test="userId!=null and userId!=''"> 
						and user_id = #{userId}
					</if>
					<if test="investNum!=null and investNum!=''"> 
						and invest_num = #{investNum}
					</if>
					<if test="manner!=null and manner!=''"> 
						and manner = #{manner}
					</if>
					<if test="issueNo!=null and issueNo!=''"> 
						and issue_no = #{issueNo}
					</if>
					<if test="lotteryType!=null and lotteryType!=''"> 
						and lottery_type = #{lotteryType}
					</if>
					<if test="investCount!=null and investCount!=''"> 
						and invest_count = #{investCount}
					</if>
					<if test="investMoney!=null and investMoney!=''"> 
						and invest_money = #{investMoney}
					</if>
					<if test="multiple!=null and multiple!=''"> 
						and multiple = #{multiple}
					</if>
					<if test="investManner!=null and investManner!=''"> 
						and invest_manner = #{investManner}
					</if>
					<if test="awardStatus!=null"> 
						and award_status = #{awardStatus}
					</if>
					<if test="awardDetail!=null and awardDetail!=''"> 
						and award_detail = #{awardDetail}
					</if>
					<if test="awardMoney!=null and awardMoney!=''"> 
						and award_money = #{awardMoney}
					</if>
					<if test="createTime!=null and createTime!=''"> 
						and create_time = #{createTime}
					</if>
					<if test="updateTime!=null and updateTime!=''"> 
						and update_time = #{updateTime}
					</if>
					<if test="schemeId!=null and schemeId!=''"> 
						and scheme_id = #{schemeId}
					</if>
		</trim>
		<if test="orderBy != null and orderBy !=''" >
      			order by ${orderBy}
    	</if>
		<if test="startRecord != -1" >
      			limit  #{startRecord},  #{pageSize}
    	</if>
  </select>
  <select id="countByExample" parameterType="com.bc.order.tradition.domain.TraditionOrder" resultType="java.lang.Integer" >
    select count(*) from tradition_order 
    <trim prefix="WHERE" prefixOverrides="AND|OR">
					<if test="id!=null and id!=''"> 
						and id = #{id}
					</if>
					<if test="orderId!=null and orderId!=''"> 
						and order_id = #{orderId}
					</if>
					<if test="userId!=null and userId!=''"> 
						and user_id = #{userId}
					</if>
					<if test="investNum!=null and investNum!=''"> 
						and invest_num = #{investNum}
					</if>
					<if test="manner!=null and manner!=''"> 
						and manner = #{manner}
					</if>
					<if test="issueNo!=null and issueNo!=''"> 
						and issue_no = #{issueNo}
					</if>
					<if test="lotteryType!=null and lotteryType!=''"> 
						and lottery_type = #{lotteryType}
					</if>
					<if test="investCount!=null and investCount!=''"> 
						and invest_count = #{investCount}
					</if>
					<if test="investMoney!=null and investMoney!=''"> 
						and invest_money = #{investMoney}
					</if>
					<if test="multiple!=null and multiple!=''"> 
						and multiple = #{multiple}
					</if>
					<if test="investManner!=null and investManner!=''"> 
						and invest_manner = #{investManner}
					</if>
					<if test="awardStatus!=null and awardStatus!=''"> 
						and award_status = #{awardStatus}
					</if>
					<if test="awardDetail!=null and awardDetail!=''"> 
						and award_detail = #{awardDetail}
					</if>
					<if test="awardMoney!=null and awardMoney!=''"> 
						and award_money = #{awardMoney}
					</if>
					<if test="createTime!=null and createTime!=''"> 
						and create_time = #{createTime}
					</if>
					<if test="updateTime!=null and updateTime!=''"> 
						and update_time = #{updateTime}
					</if>
					<if test="schemeId!=null and schemeId!=''"> 
						and scheme_id = #{schemeId}
					</if>
		</trim>
  	</select>
	
	<update id="updateByExample" parameterType="map" >
    update tradition_order
    <set >
 				 <if test="record.id!=null and record.id!=''"> 
						id = #{record.id},
					</if>
 				 <if test="record.orderId!=null and record.orderId!=''"> 
						order_id = #{record.orderId},
					</if>
 				 <if test="record.userId!=null and record.userId!=''"> 
						user_id = #{record.userId},
					</if>
 				 <if test="record.investNum!=null and record.investNum!=''"> 
						invest_num = #{record.investNum},
					</if>
 				 <if test="record.manner!=null and record.manner!=''"> 
						manner = #{record.manner},
					</if>
 				 <if test="record.issueNo!=null and record.issueNo!=''"> 
						issue_no = #{record.issueNo},
					</if>
 				 <if test="record.lotteryType!=null and record.lotteryType!=''"> 
						lottery_type = #{record.lotteryType},
					</if>
 				 <if test="record.investCount!=null and record.investCount!=''"> 
						invest_count = #{record.investCount},
					</if>
 				 <if test="record.investMoney!=null and record.investMoney!=''"> 
						invest_money = #{record.investMoney},
					</if>
 				 <if test="record.multiple!=null and record.multiple!=''"> 
						multiple = #{record.multiple},
					</if>
 				 <if test="record.investManner!=null and record.investManner!=''"> 
						invest_manner = #{record.investManner},
					</if>
 				 <if test="record.awardStatus!=null and record.awardStatus!=''"> 
						award_status = #{record.awardStatus},
					</if>
 				 <if test="record.awardDetail!=null and record.awardDetail!=''"> 
						award_detail = #{record.awardDetail},
					</if>
 				 <if test="record.awardMoney!=null and record.awardMoney!=''"> 
						award_money = #{record.awardMoney},
					</if>
 				 <if test="record.createTime!=null and record.createTime!=''"> 
						create_time = #{record.createTime},
					</if>
 				 <if test="record.updateTime!=null and record.updateTime!=''"> 
						update_time = #{record.updateTime},
					</if>
 				 <if test="record.schemeId!=null and record.schemeId!=''"> 
						scheme_id = #{record.schemeId},
					</if>
    </set>
    <trim prefix="WHERE" prefixOverrides="AND|OR"> 
 			<if test="example.id!=null and example.id!=''">
			   and id = #{example.id}
			</if>
			
 			<if test="example.orderId!=null and example.orderId!=''">
			   and order_id = #{example.orderId}
			</if>
			
 			<if test="example.userId!=null and example.userId!=''">
			   and user_id = #{example.userId}
			</if>
			
 			<if test="example.investNum!=null and example.investNum!=''">
			   and invest_num = #{example.investNum}
			</if>
			
 			<if test="example.manner!=null and example.manner!=''">
			   and manner = #{example.manner}
			</if>
			
 			<if test="example.issueNo!=null and example.issueNo!=''">
			   and issue_no = #{example.issueNo}
			</if>
			
 			<if test="example.lotteryType!=null and example.lotteryType!=''">
			   and lottery_type = #{example.lotteryType}
			</if>
			
 			<if test="example.investCount!=null and example.investCount!=''">
			   and invest_count = #{example.investCount}
			</if>
			
 			<if test="example.investMoney!=null and example.investMoney!=''">
			   and invest_money = #{example.investMoney}
			</if>
			
 			<if test="example.multiple!=null and example.multiple!=''">
			   and multiple = #{example.multiple}
			</if>
			
 			<if test="example.investManner!=null and example.investManner!=''">
			   and invest_manner = #{example.investManner}
			</if>
			
 			<if test="example.awardStatus!=null and example.awardStatus!=''">
			   and award_status = #{example.awardStatus}
			</if>
			
 			<if test="example.awardDetail!=null and example.awardDetail!=''">
			   and award_detail = #{example.awardDetail}
			</if>
			
 			<if test="example.awardMoney!=null and example.awardMoney!=''">
			   and award_money = #{example.awardMoney}
			</if>
			
			
			
 			<if test="example.schemeId!=null and example.schemeId!=''">
			   and scheme_id = #{example.schemeId}
			</if>
			
	</trim>
  </update>

<update id="updateByPk" parameterType="com.bc.order.tradition.domain.TraditionOrder" >
    update tradition_order
    <set >
					<if test="id!=null and id!=''"> 
						id = #{id},
					</if>
					<if test="orderId!=null and orderId!=''"> 
						order_id = #{orderId},
					</if>
					<if test="userId!=null and userId!=''"> 
						user_id = #{userId},
					</if>
					<if test="investNum!=null and investNum!=''"> 
						invest_num = #{investNum},
					</if>
					<if test="manner!=null and manner!=''"> 
						manner = #{manner},
					</if>
					<if test="issueNo!=null and issueNo!=''"> 
						issue_no = #{issueNo},
					</if>
					<if test="lotteryType!=null and lotteryType!=''"> 
						lottery_type = #{lotteryType},
					</if>
					<if test="investCount!=null and investCount!=''"> 
						invest_count = #{investCount},
					</if>
					<if test="investMoney!=null and investMoney!=''"> 
						invest_money = #{investMoney},
					</if>
					<if test="multiple!=null and multiple!=''"> 
						multiple = #{multiple},
					</if>
					<if test="investManner!=null and investManner!=''"> 
						invest_manner = #{investManner},
					</if>
					<if test="awardStatus!=null and awardStatus!=''"> 
						award_status = #{awardStatus},
					</if>
					<if test="awardDetail!=null and awardDetail!=''"> 
						award_detail = #{awardDetail},
					</if>
					<if test="awardMoney!=null and awardMoney!=''"> 
						award_money = #{awardMoney},
					</if>
					<if test="createTime!=null and createTime!=''"> 
						create_time = #{createTime},
					</if>
					<if test="updateTime!=null and updateTime!=''"> 
						update_time = #{updateTime},
					</if>
					<if test="schemeId!=null and schemeId!=''"> 
						scheme_id = #{schemeId},
					</if>
    </set>
    where order_id = #{orderId};
  </update>
  <delete id="deleteByPk" parameterType="map" >
    delete from tradition_order  where order_id =  #{pk}
  </delete>
  <update id="updateK3NotPrize" parameterType="map">
    update tradition_order set award_status = 2 where manner not in
    <foreach collection="prizeManner" index="index" item="item" 
        separator="," open="(" close=")">
        #{item}
    </foreach>
    and lottery_type = "301" and issue_no = #{issueNo}
  </update>
</mapper>
