<?xml version="1.0" encoding="UTF-8" ?>
<!DOCTYPE mapper PUBLIC "-//mybatis.org//DTD Mapper 3.0//EN" "http://mybatis.org/dtd/mybatis-3-mapper.dtd" >
<mapper namespace="com.bc.game.issue.dao.TraditionIssueMapper">

 <resultMap id="BaseResultMap" type="com.bc.game.issue.domain.TraditionIssue" >
		<id column="id" property="id" jdbcType="INTEGER" />
		<result column="issue_no" property="issueNo" jdbcType="VARCHAR" />
		<result column="status" property="status" jdbcType="INTEGER" />
		<result column="sell_status" property="sellStatus" jdbcType="INTEGER" />
		<result column="lottery_type" property="lotteryType" jdbcType="VARCHAR" />
		<result column="start_time" property="startTime" jdbcType="TIMESTAMP" />
		<result column="end_time" property="endTime" jdbcType="TIMESTAMP" />
		<result column="award_time" property="awardTime" jdbcType="TIMESTAMP" />
		<result column="create_time" property="createTime" jdbcType="TIMESTAMP" />
		<result column="update_time" property="updateTime" jdbcType="TIMESTAMP" />
 </resultMap>
	
	<insert id="insert" parameterType="com.bc.game.issue.domain.TraditionIssue">
		insert into tradition_issue (id, issue_no, status, sell_status, lottery_type, start_time, end_time, award_time, create_time, update_time)
		values (#{id}, #{issueNo}, #{status}, #{sellStatus}, #{lotteryType}, #{startTime}, #{endTime}, #{awardTime}, #{createTime}, #{updateTime})
	</insert>

  <select id="selectByPk" resultMap="BaseResultMap" parameterType="java.util.Map" >
    select  * from tradition_issue where id = #{pk}
  </select>
  <select id="selectByExample" resultMap="BaseResultMap" parameterType="com.bc.game.issue.domain.TraditionIssue" >
      select * from tradition_issue 
    	<trim prefix="WHERE" prefixOverrides="AND|OR">
					<if test="id!=null and id!=''"> 
						and id = #{id}
					</if>
					<if test="issueNo!=null and issueNo!=''"> 
						and issue_no = #{issueNo}
					</if>
					<if test="status!=null and status!=''"> 
						and status = #{status}
					</if>
					<if test="sellStatus!=null and sellStatus!=''"> 
						and sell_status = #{sellStatus}
					</if>
					<if test="lotteryType!=null and lotteryType!=''"> 
						and lottery_type = #{lotteryType}
					</if>
					<if test="startTime!=null and startTime!=''"> 
						and start_time = #{startTime}
					</if>
					<if test="endTime!=null and endTime!=''"> 
						and end_time = #{endTime}
					</if>
					<if test="awardTime!=null and awardTime!=''"> 
						and award_time = #{awardTime}
					</if>
					<if test="createTime!=null and createTime!=''"> 
						and create_time = #{createTime}
					</if>
					<if test="updateTime!=null and updateTime!=''"> 
						and update_time = #{updateTime}
					</if>
		</trim>
		<if test="orderBy != null and orderBy !=''" >
      			order by ${orderBy}
    	</if>
		<if test="startRecord != -1" >
      			limit  #{startRecord},  #{pageSize}
    	</if>
  </select>
  <select id="countByExample" parameterType="com.bc.game.issue.domain.TraditionIssue" resultType="java.lang.Integer" >
    select count(*) from tradition_issue 
    <trim prefix="WHERE" prefixOverrides="AND|OR">
					<if test="id!=null and id!=''"> 
						and id = #{id}
					</if>
					<if test="issueNo!=null and issueNo!=''"> 
						and issue_no = #{issueNo}
					</if>
					<if test="status!=null and status!=''"> 
						and status = #{status}
					</if>
					<if test="sellStatus!=null and sellStatus!=''"> 
						and sell_status = #{sellStatus}
					</if>
					<if test="lotteryType!=null and lotteryType!=''"> 
						and lottery_type = #{lotteryType}
					</if>
					<if test="startTime!=null and startTime!=''"> 
						and start_time = #{startTime}
					</if>
					<if test="endTime!=null and endTime!=''"> 
						and end_time = #{endTime}
					</if>
					<if test="awardTime!=null and awardTime!=''"> 
						and award_time = #{awardTime}
					</if>
					<if test="createTime!=null and createTime!=''"> 
						and create_time = #{createTime}
					</if>
					<if test="updateTime!=null and updateTime!=''"> 
						and update_time = #{updateTime}
					</if>
		</trim>
  	</select>
	
	<update id="updateByExample" parameterType="map" >
    update tradition_issue
    <set >
 				 <if test="record.id!=null and record.id!=''"> 
						id = #{record.id},
					</if>
 				 <if test="record.issueNo!=null and record.issueNo!=''"> 
						issue_no = #{record.issueNo},
					</if>
 				 <if test="record.status!=null and record.status!=''"> 
						status = #{record.status},
					</if>
 				 <if test="record.sellStatus!=null and record.sellStatus!=''"> 
						sell_status = #{record.sellStatus},
					</if>
 				 <if test="record.lotteryType!=null and record.lotteryType!=''"> 
						lottery_type = #{record.lotteryType},
					</if>
 				 <if test="record.startTime!=null and record.startTime!=''"> 
						start_time = #{record.startTime},
					</if>
 				 <if test="record.endTime!=null and record.endTime!=''"> 
						end_time = #{record.endTime},
					</if>
 				 <if test="record.awardTime!=null and record.awardTime!=''"> 
						award_time = #{record.awardTime},
					</if>
 				 <if test="record.createTime!=null and record.createTime!=''"> 
						create_time = #{record.createTime},
					</if>
 				 <if test="record.updateTime!=null and record.updateTime!=''"> 
						update_time = #{record.updateTime},
					</if>
    </set>
    <trim prefix="WHERE" prefixOverrides="AND|OR"> 
 			<if test="example.id!=null and example.id!=''">
			   and id = #{example.id}
			</if>
			
 			<if test="example.issueNo!=null and example.issueNo!=''">
			   and issue_no = #{example.issueNo}
			</if>
			
 			<if test="example.status!=null and example.status!=''">
			   and status = #{example.status}
			</if>
			
 			<if test="example.sellStatus!=null and example.sellStatus!=''">
			   and sell_status = #{example.sellStatus}
			</if>
			
 			<if test="example.lotteryType!=null and example.lotteryType!=''">
			   and lottery_type = #{example.lotteryType}
			</if>
			
			
			
			
			
			
	</trim>
  </update>

<update id="updateByPk" parameterType="com.bc.game.issue.domain.TraditionIssue" >
    update tradition_issue
    <set >
					<if test="id!=null and id!=''"> 
						id = #{id},
					</if>
					<if test="issueNo!=null and issueNo!=''"> 
						issue_no = #{issueNo},
					</if>
					<if test="status!=null and status!=''"> 
						status = #{status},
					</if>
					<if test="sellStatus!=null and sellStatus!=''"> 
						sell_status = #{sellStatus},
					</if>
					<if test="lotteryType!=null and lotteryType!=''"> 
						lottery_type = #{lotteryType},
					</if>
					<if test="startTime!=null and startTime!=''"> 
						start_time = #{startTime},
					</if>
					<if test="endTime!=null and endTime!=''"> 
						end_time = #{endTime},
					</if>
					<if test="awardTime!=null and awardTime!=''"> 
						award_time = #{awardTime},
					</if>
					<if test="createTime!=null and createTime!=''"> 
						create_time = #{createTime},
					</if>
					<if test="updateTime!=null and updateTime!=''"> 
						update_time = #{updateTime},
					</if>
    </set>
    where id = #{id};
  </update>
  <update id="updateIssueStatus" parameterType="com.bc.game.issue.domain.TraditionIssue" >
    update tradition_issue set status = #{status}, update_time = #{updateTime} where issue_no = #{issueNo} and lottery_type = #{lotteryType};
  </update>
  <delete id="deleteByPk" parameterType="map" >
    delete from tradition_issue  where id =  #{pk}
  </delete>
</mapper>
